<?xml version="1.0" encoding="utf-8"?>
<annotation>
<folder>images</folder>
<filename>22367a6e-29</filename>
<source>
<database>MyDatabase</database>
<annotation>COCO2017</annotation>
<image>flickr</image>
<flickrid>NULL</flickrid>
<annotator>1</annotator>
</source>
<owner>
<flickrid>NULL</flickrid>
<name>Label Studio</name>
</owner>
<size>
<width>850</width>
<height>477</height>
<depth>3</depth>
</size>
<segmented>0</segmented>
<object>
<name>facemask</name>
<pose>Unspecified</pose>
<truncated>0</truncated>
<difficult>0</difficult>
<bndbox>
<xmin>214</xmin>
<ymin>166</ymin>
<xmax>315</xmax>
<ymax>255</ymax>
</bndbox>
</object>
<object>
<name>facemask</name>
<pose>Unspecified</pose>
<truncated>0</truncated>
<difficult>0</difficult>
<bndbox>
<xmin>511</xmin>
<ymin>161</ymin>
<xmax>584</xmax>
<ymax>255</ymax>
</bndbox>
</object>
</annotation>
