<?xml version="1.0" encoding="utf-8"?>
<annotation>
<folder>images</folder>
<filename>399b3ad7-31</filename>
<source>
<database>MyDatabase</database>
<annotation>COCO2017</annotation>
<image>flickr</image>
<flickrid>NULL</flickrid>
<annotator>1</annotator>
</source>
<owner>
<flickrid>NULL</flickrid>
<name>Label Studio</name>
</owner>
<size>
<width>570</width>
<height>486</height>
<depth>3</depth>
</size>
<segmented>0</segmented>
<object>
<name>facemask</name>
<pose>Unspecified</pose>
<truncated>0</truncated>
<difficult>0</difficult>
<bndbox>
<xmin>181</xmin>
<ymin>243</ymin>
<xmax>418</xmax>
<ymax>426</ymax>
</bndbox>
</object>
</annotation>
