<?xml version="1.0" encoding="utf-8"?>
<annotation>
<folder>images</folder>
<filename>46f1441b-40</filename>
<source>
<database>MyDatabase</database>
<annotation>COCO2017</annotation>
<image>flickr</image>
<flickrid>NULL</flickrid>
<annotator>1</annotator>
</source>
<owner>
<flickrid>NULL</flickrid>
<name>Label Studio</name>
</owner>
<size>
<width>2560</width>
<height>1174</height>
<depth>3</depth>
</size>
<segmented>0</segmented>
<object>
<name>facemask</name>
<pose>Unspecified</pose>
<truncated>0</truncated>
<difficult>0</difficult>
<bndbox>
<xmin>339</xmin>
<ymin>396</ymin>
<xmax>661</xmax>
<ymax>656</ymax>
</bndbox>
</object>
<object>
<name>facemask</name>
<pose>Unspecified</pose>
<truncated>0</truncated>
<difficult>0</difficult>
<bndbox>
<xmin>977</xmin>
<ymin>368</ymin>
<xmax>1288</xmax>
<ymax>634</ymax>
</bndbox>
</object>
<object>
<name>facemask</name>
<pose>Unspecified</pose>
<truncated>0</truncated>
<difficult>0</difficult>
<bndbox>
<xmin>1835</xmin>
<ymin>357</ymin>
<xmax>2184</xmax>
<ymax>630</ymax>
</bndbox>
</object>
</annotation>
