<?xml version="1.0" encoding="utf-8"?>
<annotation>
<folder>images</folder>
<filename>4739aeda-25</filename>
<source>
<database>MyDatabase</database>
<annotation>COCO2017</annotation>
<image>flickr</image>
<flickrid>NULL</flickrid>
<annotator>1</annotator>
</source>
<owner>
<flickrid>NULL</flickrid>
<name>Label Studio</name>
</owner>
<size>
<width>550</width>
<height>550</height>
<depth>3</depth>
</size>
<segmented>0</segmented>
<object>
<name>facemask</name>
<pose>Unspecified</pose>
<truncated>0</truncated>
<difficult>0</difficult>
<bndbox>
<xmin>160</xmin>
<ymin>250</ymin>
<xmax>392</xmax>
<ymax>448</ymax>
</bndbox>
</object>
</annotation>
