<?xml version="1.0" encoding="utf-8"?>
<annotation>
<folder>images</folder>
<filename>520b5761-3</filename>
<source>
<database>MyDatabase</database>
<annotation>COCO2017</annotation>
<image>flickr</image>
<flickrid>NULL</flickrid>
<annotator>1</annotator>
</source>
<owner>
<flickrid>NULL</flickrid>
<name>Label Studio</name>
</owner>
<size>
<width>275</width>
<height>183</height>
<depth>3</depth>
</size>
<segmented>0</segmented>
<object>
<name>facemask</name>
<pose>Unspecified</pose>
<truncated>0</truncated>
<difficult>0</difficult>
<bndbox>
<xmin>149</xmin>
<ymin>64</ymin>
<xmax>167</xmax>
<ymax>88</ymax>
</bndbox>
</object>
<object>
<name>facemask</name>
<pose>Unspecified</pose>
<truncated>0</truncated>
<difficult>0</difficult>
<bndbox>
<xmin>210</xmin>
<ymin>66</ymin>
<xmax>233</xmax>
<ymax>85</ymax>
</bndbox>
</object>
</annotation>
