<?xml version="1.0" encoding="utf-8"?>
<annotation>
<folder>images</folder>
<filename>78cd539a-39</filename>
<source>
<database>MyDatabase</database>
<annotation>COCO2017</annotation>
<image>flickr</image>
<flickrid>NULL</flickrid>
<annotator>1</annotator>
</source>
<owner>
<flickrid>NULL</flickrid>
<name>Label Studio</name>
</owner>
<size>
<width>5184</width>
<height>3456</height>
<depth>1</depth>
</size>
<segmented>0</segmented>
<object>
<name>facemask</name>
<pose>Unspecified</pose>
<truncated>0</truncated>
<difficult>0</difficult>
<bndbox>
<xmin>2080</xmin>
<ymin>1899</ymin>
<xmax>3255</xmax>
<ymax>2697</ymax>
</bndbox>
</object>
</annotation>
