<?xml version="1.0" encoding="utf-8"?>
<annotation>
<folder>images</folder>
<filename>8bae5add-1</filename>
<source>
<database>MyDatabase</database>
<annotation>COCO2017</annotation>
<image>flickr</image>
<flickrid>NULL</flickrid>
<annotator>1</annotator>
</source>
<owner>
<flickrid>NULL</flickrid>
<name>Label Studio</name>
</owner>
<size>
<width>670</width>
<height>510</height>
<depth>3</depth>
</size>
<segmented>0</segmented>
<object>
<name>facemask</name>
<pose>Unspecified</pose>
<truncated>0</truncated>
<difficult>0</difficult>
<bndbox>
<xmin>397</xmin>
<ymin>229</ymin>
<xmax>445</xmax>
<ymax>264</ymax>
</bndbox>
</object>
<object>
<name>facemask</name>
<pose>Unspecified</pose>
<truncated>0</truncated>
<difficult>0</difficult>
<bndbox>
<xmin>373</xmin>
<ymin>126</ymin>
<xmax>412</xmax>
<ymax>159</ymax>
</bndbox>
</object>
<object>
<name>facemask</name>
<pose>Unspecified</pose>
<truncated>0</truncated>
<difficult>0</difficult>
<bndbox>
<xmin>484</xmin>
<ymin>52</ymin>
<xmax>511</xmax>
<ymax>73</ymax>
</bndbox>
</object>
<object>
<name>facemask</name>
<pose>Unspecified</pose>
<truncated>0</truncated>
<difficult>0</difficult>
<bndbox>
<xmin>591</xmin>
<ymin>66</ymin>
<xmax>616</xmax>
<ymax>87</ymax>
</bndbox>
</object>
<object>
<name>facemask</name>
<pose>Unspecified</pose>
<truncated>0</truncated>
<difficult>0</difficult>
<bndbox>
<xmin>586</xmin>
<ymin>55</ymin>
<xmax>593</xmax>
<ymax>67</ymax>
</bndbox>
</object>
<object>
<name>facemask</name>
<pose>Unspecified</pose>
<truncated>0</truncated>
<difficult>0</difficult>
<bndbox>
<xmin>244</xmin>
<ymin>194</ymin>
<xmax>302</xmax>
<ymax>232</ymax>
</bndbox>
</object>
<object>
<name>facemask</name>
<pose>Unspecified</pose>
<truncated>0</truncated>
<difficult>0</difficult>
<bndbox>
<xmin>326</xmin>
<ymin>191</ymin>
<xmax>367</xmax>
<ymax>223</ymax>
</bndbox>
</object>
<object>
<name>facemask</name>
<pose>Unspecified</pose>
<truncated>0</truncated>
<difficult>0</difficult>
<bndbox>
<xmin>295</xmin>
<ymin>54</ymin>
<xmax>327</xmax>
<ymax>79</ymax>
</bndbox>
</object>
<object>
<name>facemask</name>
<pose>Unspecified</pose>
<truncated>0</truncated>
<difficult>0</difficult>
<bndbox>
<xmin>358</xmin>
<ymin>79</ymin>
<xmax>388</xmax>
<ymax>98</ymax>
</bndbox>
</object>
<object>
<name>facemask</name>
<pose>Unspecified</pose>
<truncated>0</truncated>
<difficult>0</difficult>
<bndbox>
<xmin>338</xmin>
<ymin>61</ymin>
<xmax>357</xmax>
<ymax>85</ymax>
</bndbox>
</object>
<object>
<name>facemask</name>
<pose>Unspecified</pose>
<truncated>0</truncated>
<difficult>0</difficult>
<bndbox>
<xmin>392</xmin>
<ymin>66</ymin>
<xmax>417</xmax>
<ymax>89</ymax>
</bndbox>
</object>
<object>
<name>facemask</name>
<pose>Unspecified</pose>
<truncated>0</truncated>
<difficult>0</difficult>
<bndbox>
<xmin>216</xmin>
<ymin>44</ymin>
<xmax>250</xmax>
<ymax>71</ymax>
</bndbox>
</object>
<object>
<name>facemask</name>
<pose>Unspecified</pose>
<truncated>0</truncated>
<difficult>0</difficult>
<bndbox>
<xmin>182</xmin>
<ymin>198</ymin>
<xmax>224</xmax>
<ymax>229</ymax>
</bndbox>
</object>
<object>
<name>facemask</name>
<pose>Unspecified</pose>
<truncated>0</truncated>
<difficult>0</difficult>
<bndbox>
<xmin>132</xmin>
<ymin>120</ymin>
<xmax>170</xmax>
<ymax>150</ymax>
</bndbox>
</object>
<object>
<name>facemask</name>
<pose>Unspecified</pose>
<truncated>0</truncated>
<difficult>0</difficult>
<bndbox>
<xmin>49</xmin>
<ymin>96</ymin>
<xmax>83</xmax>
<ymax>121</ymax>
</bndbox>
</object>
<object>
<name>facemask</name>
<pose>Unspecified</pose>
<truncated>0</truncated>
<difficult>0</difficult>
<bndbox>
<xmin>259</xmin>
<ymin>138</ymin>
<xmax>303</xmax>
<ymax>146</ymax>
</bndbox>
</object>
</annotation>
