<?xml version="1.0" encoding="utf-8"?>
<annotation>
<folder>images</folder>
<filename>943cb5cf-38</filename>
<source>
<database>MyDatabase</database>
<annotation>COCO2017</annotation>
<image>flickr</image>
<flickrid>NULL</flickrid>
<annotator>1</annotator>
</source>
<owner>
<flickrid>NULL</flickrid>
<name>Label Studio</name>
</owner>
<size>
<width>2000</width>
<height>1525</height>
<depth>3</depth>
</size>
<segmented>0</segmented>
<object>
<name>facemask</name>
<pose>Unspecified</pose>
<truncated>0</truncated>
<difficult>0</difficult>
<bndbox>
<xmin>1586</xmin>
<ymin>1210</ymin>
<xmax>1903</xmax>
<ymax>1508</ymax>
</bndbox>
</object>
<object>
<name>facemask</name>
<pose>Unspecified</pose>
<truncated>0</truncated>
<difficult>0</difficult>
<bndbox>
<xmin>843</xmin>
<ymin>518</ymin>
<xmax>973</xmax>
<ymax>602</ymax>
</bndbox>
</object>
<object>
<name>facemask</name>
<pose>Unspecified</pose>
<truncated>0</truncated>
<difficult>0</difficult>
<bndbox>
<xmin>1303</xmin>
<ymin>555</ymin>
<xmax>1411</xmax>
<ymax>634</ymax>
</bndbox>
</object>
<object>
<name>facemask</name>
<pose>Unspecified</pose>
<truncated>0</truncated>
<difficult>0</difficult>
<bndbox>
<xmin>691</xmin>
<ymin>192</ymin>
<xmax>797</xmax>
<ymax>270</ymax>
</bndbox>
</object>
<object>
<name>facemask</name>
<pose>Unspecified</pose>
<truncated>0</truncated>
<difficult>0</difficult>
<bndbox>
<xmin>336</xmin>
<ymin>304</ymin>
<xmax>437</xmax>
<ymax>374</ymax>
</bndbox>
</object>
<object>
<name>facemask</name>
<pose>Unspecified</pose>
<truncated>0</truncated>
<difficult>0</difficult>
<bndbox>
<xmin>38</xmin>
<ymin>162</ymin>
<xmax>95</xmax>
<ymax>197</ymax>
</bndbox>
</object>
</annotation>
