<?xml version="1.0" encoding="utf-8"?>
<annotation>
<folder>images</folder>
<filename>bc9d47cb-26</filename>
<source>
<database>MyDatabase</database>
<annotation>COCO2017</annotation>
<image>flickr</image>
<flickrid>NULL</flickrid>
<annotator>1</annotator>
</source>
<owner>
<flickrid>NULL</flickrid>
<name>Label Studio</name>
</owner>
<size>
<width>732</width>
<height>549</height>
<depth>3</depth>
</size>
<segmented>0</segmented>
<object>
<name>facemask</name>
<pose>Unspecified</pose>
<truncated>0</truncated>
<difficult>0</difficult>
<bndbox>
<xmin>313</xmin>
<ymin>262</ymin>
<xmax>585</xmax>
<ymax>467</ymax>
</bndbox>
</object>
</annotation>
