<?xml version="1.0" encoding="utf-8"?>
<annotation>
<folder>images</folder>
<filename>df39f349-11</filename>
<source>
<database>MyDatabase</database>
<annotation>COCO2017</annotation>
<image>flickr</image>
<flickrid>NULL</flickrid>
<annotator>1</annotator>
</source>
<owner>
<flickrid>NULL</flickrid>
<name>Label Studio</name>
</owner>
<size>
<width>640</width>
<height>426</height>
<depth>3</depth>
</size>
<segmented>0</segmented>
<object>
<name>facemask</name>
<pose>Unspecified</pose>
<truncated>0</truncated>
<difficult>0</difficult>
<bndbox>
<xmin>292</xmin>
<ymin>79</ymin>
<xmax>319</xmax>
<ymax>98</ymax>
</bndbox>
</object>
<object>
<name>facemask</name>
<pose>Unspecified</pose>
<truncated>0</truncated>
<difficult>0</difficult>
<bndbox>
<xmin>467</xmin>
<ymin>205</ymin>
<xmax>556</xmax>
<ymax>276</ymax>
</bndbox>
</object>
<object>
<name>facemask</name>
<pose>Unspecified</pose>
<truncated>0</truncated>
<difficult>0</difficult>
<bndbox>
<xmin>355</xmin>
<ymin>152</ymin>
<xmax>418</xmax>
<ymax>210</ymax>
</bndbox>
</object>
<object>
<name>facemask</name>
<pose>Unspecified</pose>
<truncated>0</truncated>
<difficult>0</difficult>
<bndbox>
<xmin>236</xmin>
<ymin>271</ymin>
<xmax>321</xmax>
<ymax>346</ymax>
</bndbox>
</object>
<object>
<name>facemask</name>
<pose>Unspecified</pose>
<truncated>0</truncated>
<difficult>0</difficult>
<bndbox>
<xmin>131</xmin>
<ymin>234</ymin>
<xmax>207</xmax>
<ymax>287</ymax>
</bndbox>
</object>
</annotation>
