<?xml version="1.0" encoding="utf-8"?>
<annotation>
<folder>images</folder>
<filename>ef8cf7d1-7</filename>
<source>
<database>MyDatabase</database>
<annotation>COCO2017</annotation>
<image>flickr</image>
<flickrid>NULL</flickrid>
<annotator>1</annotator>
</source>
<owner>
<flickrid>NULL</flickrid>
<name>Label Studio</name>
</owner>
<size>
<width>225</width>
<height>225</height>
<depth>3</depth>
</size>
<segmented>0</segmented>
<object>
<name>facemask</name>
<pose>Unspecified</pose>
<truncated>0</truncated>
<difficult>0</difficult>
<bndbox>
<xmin>33</xmin>
<ymin>90</ymin>
<xmax>130</xmax>
<ymax>168</ymax>
</bndbox>
</object>
</annotation>
